path,label,status,split_gap
7_17/1001_0_processed.png,71,labeled,3
7_17/1002_0_processed.png,71,labeled,3
7_17/1003_0_processed.png,71,labeled,3
7_17/1004_0_processed.png,71,labeled,3
7_17/1005_0_processed.png,71,labeled,3
7_17/1006_0_processed.png,71,labeled,3
7_17/1007_0_processed.png,71,labeled,3
7_17/1008_0_processed.png,71,labeled,3
7_17/1009_0_processed.png,71,labeled,3
7_17/1010_0_processed.png,71,labeled,3
7_17/1012_0_processed.png,71,labeled,3
7_17/1014_0_processed.png,71,labeled,3
7_17/1015_0_processed.png,71,labeled,3
7_17/1016_0_processed.png,71,labeled,3
7_17/1017_0_processed.png,71,labeled,3
7_17/1018_0_processed.png,71,labeled,3
7_17/1019_0_processed.png,71,labeled,3
7_17/1020_0_processed.png,71,labeled,3
7_17/1021_0_processed.png,71,labeled,3
7_17/1022_0_processed.png,71,labeled,3
7_17/1023_0_processed.png,71,labeled,3
7_17/1025_0_processed.png,38,labeled,3
7_17/1026_0_processed.png,71,labeled,3
7_17/1027_0_processed.png,38,labeled,3
7_17/1028_0_processed.png,71,labeled,3
7_17/1029_0_processed.png,38,labeled,3
7_17/1031_0_processed.png,38,labeled,3
7_17/1032_0_processed.png,38,labeled,3
7_17/1034_0_processed.png,38,labeled,3
7_17/1035_0_processed.png,38,labeled,3
7_17/1038_0_processed.png,38,labeled,3
7_17/1040_0_processed.png,38,labeled,3
7_17/1043_0_processed.png,38,labeled,3
7_17/1045_0_processed.png,38,labeled,3
7_17/1047_0_processed.png,38,labeled,3
7_17/1048_0_processed.png,38,labeled,3
7_17/1049_0_processed.png,38,labeled,3
7_17/1050_0_processed.png,38,labeled,3
7_17/1051_0_processed.png,38,labeled,3
7_17/1055_0_processed.png,71,labeled,3
7_17/1058_0_processed.png,71,labeled,3
7_17/1061_0_processed.png,71,labeled,3
7_17/1062_0_processed.png,71,labeled,3
7_17/1063_0_processed.png,38,labeled,3
7_17/1065_0_processed.png,71,labeled,3
7_17/1066_0_processed.png,71,labeled,3
7_17/1067_0_processed.png,38,labeled,3
7_17/1069_0_processed.png,71,labeled,3
7_17/1070_0_processed.png,71,labeled,3
7_17/1071_0_processed.png,38,labeled,3
7_17/1072_0_processed.png,71,labeled,3
7_17/1073_0_processed.png,38,labeled,3
7_17/1074_0_processed.png,38,labeled,3
7_17/1075_0_processed.png,71,labeled,3
7_17/1076_0_processed.png,71,labeled,3
7_17/1077_0_processed.png,71,labeled,3
7_17/1078_0_processed.png,71,labeled,3
7_17/1079_0_processed.png,71,labeled,3
7_17/1080_0_processed.png,71,labeled,3
7_17/1081_0_processed.png,71,labeled,3
7_17/1082_0_processed.png,71,labeled,3
7_17/1083_0_processed.png,71,labeled,3
7_17/1084_0_processed.png,71,labeled,3
7_17/1085_0_processed.png,09,labeled,3
7_17/1086_0_processed.png,09,labeled,3
7_17/1087_0_processed.png,09,labeled,3
7_17/1088_0_processed.png,09,labeled,3
7_17/1090_0_processed.png,09,labeled,3
7_17/1096_0_processed.png,71,labeled,3
7_17/1097_0_processed.png,38,labeled,3
7_17/1098_0_processed.png,71,labeled,3
7_17/1099_0_processed.png,38,labeled,3
7_17/1099_1_processed.png,09,labeled,3
7_17/1100_0_processed.png,38,labeled,3
7_17/1101_0_processed.png,71,labeled,3
7_17/1102_0_processed.png,38,labeled,3
7_17/1102_1_processed.png,09,labeled,3
7_17/1103_0_processed.png,09,labeled,3
7_17/1103_1_processed.png,38,labeled,3
7_17/1104_0_processed.png,71,labeled,3
7_17/1105_0_processed.png,38,labeled,3
7_17/1106_0_processed.png,09,labeled,3
7_17/1106_1_processed.png,38,labeled,3
7_17/1107_0_processed.png,09,labeled,3
7_17/1108_0_processed.png,09,labeled,3
7_17/1109_0_processed.png,09,labeled,3
7_17/1110_0_processed.png,09,labeled,3
7_17/1111_0_processed.png,71,labeled,3
7_17/1112_0_processed.png,71,labeled,3
7_17/1114_0_processed.png,71,labeled,3
7_17/1115_0_processed.png,71,labeled,3
7_17/1117_0_processed.png,71,labeled,3
7_17/1118_0_processed.png,71,labeled,3
7_17/1130_0_processed.png,38,labeled,3
7_17/1132_0_processed.png,38,labeled,3
7_17/1132_1_processed.png,09,labeled,3
7_17/1134_0_processed.png,38,labeled,3
7_17/1136_0_processed.png,38,labeled,3
7_17/1138_0_processed.png,71,labeled,3
7_17/1139_0_processed.png,71,labeled,3
7_17/1140_0_processed.png,71,labeled,3
7_17/1141_0_processed.png,71,labeled,3
7_17/636_0_processed.png,71,labeled,3
7_17/639_0_processed.png,71,labeled,3
7_17/643_0_processed.png,71,labeled,3
7_17/669_0_processed.png,38,labeled,3
7_17/672_0_processed.png,38,labeled,3
7_17/677_0_processed.png,71,labeled,3
7_17/678_0_processed.png,71,labeled,3
7_17/685_0_processed.png,38,labeled,3
7_17/687_0_processed.png,38,labeled,3
7_17/692_0_processed.png,38,labeled,3
7_17/746_0_processed.png,71,labeled,3
7_17/749_0_processed.png,71,labeled,3
7_17/765_0_processed.png,38,labeled,3
7_17/768_0_processed.png,38,labeled,3
7_17/771_0_processed.png,38,labeled,3
7_17/815_0_processed.png,71,labeled,3
7_17/816_0_processed.png,71,labeled,3
7_17/817_0_processed.png,71,labeled,3
7_17/818_0_processed.png,71,labeled,3
7_17/819_0_processed.png,71,labeled,3
7_17/821_0_processed.png,38,labeled,3
7_17/822_0_processed.png,38,labeled,3
7_17/823_0_processed.png,38,labeled,3
7_17/824_0_processed.png,38,labeled,3
7_17/825_0_processed.png,38,labeled,3
7_17/838_0_processed.png,09,labeled,3
7_17/839_0_processed.png,09,labeled,3
7_17/840_0_processed.png,09,labeled,3
7_17/841_0_processed.png,09,labeled,3
7_17/842_0_processed.png,09,labeled,3
7_17/843_0_processed.png,09,labeled,3
7_17/844_0_processed.png,09,labeled,3
7_17/845_0_processed.png,09,labeled,3
7_17/846_0_processed.png,09,labeled,3
7_17/848_0_processed.png,09,labeled,3
7_17/849_0_processed.png,38,labeled,3
7_17/851_0_processed.png,38,labeled,3
7_17/852_0_processed.png,38,labeled,3
7_17/854_0_processed.png,38,labeled,3
7_17/855_0_processed.png,38,labeled,3
7_17/856_0_processed.png,38,labeled,3
7_17/857_0_processed.png,38,labeled,3
7_17/858_0_processed.png,38,labeled,3
7_17/859_0_processed.png,38,labeled,3
7_17/860_0_processed.png,38,labeled,3
7_17/861_0_processed.png,38,labeled,3
7_17/862_0_processed.png,38,labeled,3
7_17/863_0_processed.png,38,labeled,3
7_17/865_0_processed.png,38,labeled,3
7_17/866_0_processed.png,09,labeled,3
7_17/867_0_processed.png,38,labeled,3
7_17/868_0_processed.png,09,labeled,3
7_17/870_0_processed.png,09,labeled,3
7_17/871_0_processed.png,38,labeled,3
7_17/872_0_processed.png,09,labeled,3
7_17/873_0_processed.png,38,labeled,3
7_17/874_0_processed.png,09,labeled,3
7_17/875_0_processed.png,38,labeled,3
7_17/876_0_processed.png,38,labeled,3
7_17/877_0_processed.png,38,labeled,3
7_17/878_0_processed.png,38,labeled,3
7_17/879_0_processed.png,38,labeled,3
7_17/880_0_processed.png,38,labeled,3
7_17/881_0_processed.png,38,labeled,3
7_17/883_0_processed.png,38,labeled,3
7_17/884_0_processed.png,38,labeled,3
7_17/885_0_processed.png,38,labeled,3
7_17/886_0_processed.png,38,labeled,3
7_17/894_0_processed.png,09,labeled,3
7_17/895_0_processed.png,09,labeled,3
7_17/896_0_processed.png,09,labeled,3
7_17/897_0_processed.png,09,labeled,3
7_17/898_0_processed.png,09,labeled,3
7_17/899_0_processed.png,09,labeled,3
7_17/900_0_processed.png,09,labeled,3
7_17/901_0_processed.png,09,labeled,3
7_17/902_0_processed.png,09,labeled,3
7_17/903_0_processed.png,09,labeled,3
7_17/904_0_processed.png,38,labeled,3
7_17/905_0_processed.png,38,labeled,3
7_17/906_0_processed.png,38,labeled,3
7_17/907_0_processed.png,38,labeled,3
7_17/908_0_processed.png,38,labeled,3
7_17/909_0_processed.png,09,labeled,3
7_17/910_0_processed.png,38,labeled,3
7_17/911_0_processed.png,09,labeled,3
7_17/912_0_processed.png,09,labeled,3
7_17/913_0_processed.png,09,labeled,3
7_17/915_0_processed.png,09,labeled,3
7_17/916_0_processed.png,09,labeled,3
7_17/917_0_processed.png,09,labeled,3
7_17/918_0_processed.png,09,labeled,3
7_17/919_0_processed.png,09,labeled,3
7_17/920_0_processed.png,09,labeled,3
7_17/921_0_processed.png,09,labeled,3
7_17/922_0_processed.png,09,labeled,3
7_17/923_0_processed.png,09,labeled,3
7_17/924_0_processed.png,09,labeled,3
7_17/925_0_processed.png,09,labeled,3
7_17/926_0_processed.png,09,labeled,3
7_17/927_0_processed.png,09,labeled,3
7_17/928_0_processed.png,09,labeled,3
7_17/929_0_processed.png,09,labeled,3
7_17/930_0_processed.png,09,labeled,3
7_17/931_0_processed.png,09,labeled,3
7_17/948_0_processed.png,38,labeled,3
7_17/949_0_processed.png,38,labeled,3
7_17/950_0_processed.png,38,labeled,3
7_17/951_0_processed.png,38,labeled,3
7_17/952_0_processed.png,38,labeled,3
7_17/953_0_processed.png,38,labeled,3
7_17/954_0_processed.png,38,labeled,3
7_17/955_0_processed.png,38,labeled,3
7_17/956_0_processed.png,38,labeled,3
7_17/957_0_processed.png,71,labeled,3
7_17/958_0_processed.png,71,labeled,3
7_17/959_0_processed.png,71,labeled,3
7_17/960_0_processed.png,71,labeled,3
7_17/961_0_processed.png,38,labeled,3
7_17/962_0_processed.png,71,labeled,3
7_17/963_0_processed.png,71,labeled,3
7_17/964_0_processed.png,38,labeled,3
7_17/965_0_processed.png,71,labeled,3
7_17/966_0_processed.png,71,labeled,3
7_17/967_0_processed.png,38,labeled,3
7_17/968_0_processed.png,71,labeled,3
7_17/969_0_processed.png,71,labeled,3
7_17/970_0_processed.png,38,labeled,3
7_17/971_0_processed.png,71,labeled,3
7_17/972_0_processed.png,71,labeled,3
7_17/973_0_processed.png,38,labeled,3
7_17/974_0_processed.png,71,labeled,3
7_17/975_0_processed.png,71,labeled,3
7_17/976_0_processed.png,38,labeled,3
7_17/977_0_processed.png,71,labeled,3
7_17/978_0_processed.png,71,labeled,3
7_17/979_0_processed.png,71,labeled,3
7_17/980_0_processed.png,71,labeled,3
7_17/981_0_processed.png,71,labeled,3
7_17/982_0_processed.png,71,labeled,3
7_17/985_0_processed.png,71,labeled,3
7_17/986_0_processed.png,71,labeled,3
7_17/988_0_processed.png,71,labeled,3
7_17/989_0_processed.png,71,labeled,3
7_17/990_0_processed.png,71,labeled,3
7_17/991_0_processed.png,71,labeled,3
7_17/992_0_processed.png,71,labeled,3
7_17/993_0_processed.png,71,labeled,3
7_17/995_0_processed.png,71,labeled,3
7_17/996_0_processed.png,71,labeled,3
7_17/997_0_processed.png,71,labeled,3
7_17/998_0_processed.png,71,labeled,3
7_17/999_0_processed.png,71,labeled,3
numbers/(100)_crop_0.jpg,76,labeled,3
numbers/(101)_crop_0.jpg,17,labeled,3
numbers/(102)_crop_0.jpg,15,labeled,3
numbers/(104)_crop_0.jpg,76,labeled,3
numbers/(11)_crop_0.jpg,74,labeled,3
numbers/(110)_crop_0.jpg,15,labeled,3
numbers/(114)_crop_0.jpg,89,labeled,3
numbers/(120)_crop_0.jpg,89,labeled,3
numbers/(13)_crop_0.jpg,74,labeled,3
numbers/(130)_crop_0.jpg,76,labeled,3
numbers/(131)_crop_0.jpg,15,labeled,3
numbers/(133)_crop_0.jpg,76,labeled,3
numbers/(139)_crop_0.jpg,74,labeled,3
numbers/(14)_crop_0.jpg,74,labeled,3
numbers/(147)_crop_0.jpg,74,labeled,3
numbers/(149)_crop_0.jpg,74,labeled,3
numbers/(163)_crop_0.jpg,89,labeled,3
numbers/(166)_crop_0.jpg,89,labeled,3
numbers/(168)_crop_0.jpg,89,labeled,3
numbers/(17)_crop_0.jpg,74,labeled,3
numbers/(170)_crop_0.jpg,89,labeled,3
numbers/(171)_crop_0.jpg,65,labeled,3
numbers/(172)_crop_0.jpg,89,labeled,3
numbers/(173)_crop_0.jpg,89,labeled,3
numbers/(175)_crop_0.jpg,15,labeled,3
numbers/(177)_crop_0.jpg,76,labeled,3
numbers/(178)_crop_0.jpg,15,labeled,3
numbers/(179)_crop_0.jpg,76,labeled,3
numbers/(180)_crop_0.jpg,17,labeled,3
numbers/(181)_crop_0.jpg,15,labeled,3
numbers/(183)_crop_0.jpg,74,labeled,3
numbers/(184)_crop_0.jpg,17,labeled,3
numbers/(186)_crop_0.jpg,74,labeled,3
numbers/(187)_crop_0.jpg,17,labeled,3
numbers/(19)_crop_0.jpg,74,labeled,3
numbers/(193)_crop_0.jpg,17,labeled,3
numbers/(21)_crop_0.jpg,89,labeled,3
numbers/(22)_crop_0.jpg,89,labeled,3
numbers/(24)_crop_0.jpg,76,labeled,3
numbers/(25)_crop_0.jpg,15,labeled,3
numbers/(26)_crop_0.jpg,76,labeled,3
numbers/(27)_crop_0.jpg,15,labeled,3
numbers/(29)_crop_0.jpg,76,labeled,3
numbers/(31)_crop_0.jpg,15,labeled,3
numbers/(32)_crop_0.jpg,89,labeled,3
numbers/(35)_crop_0.jpg,89,labeled,3
numbers/(37)_crop_0.jpg,89,labeled,3
numbers/(41)_crop_0.jpg,74,labeled,3
numbers/(44)_crop_0.jpg,74,labeled,3
numbers/(48)_crop_0.jpg,74,labeled,3
numbers/(49)_crop_0.jpg,74,labeled,3
numbers/(5)_crop_0.jpg,74,labeled,3
numbers/(53)_crop_0.jpg,74,labeled,3
numbers/(58)_crop_0.jpg,89,labeled,3
numbers/(60)_crop_0.jpg,89,labeled,3
numbers/(61)_crop_0.jpg,89,labeled,3
numbers/(63)_crop_0.jpg,89,labeled,3
numbers/(65)_crop_0.jpg,89,labeled,3
numbers/(67)_crop_0.jpg,76,labeled,3
numbers/(71)_crop_0.jpg,76,labeled,3
numbers/(72)_crop_0.jpg,17,labeled,3
numbers/(73)_crop_0.jpg,15,labeled,3
numbers/(75)_crop_0.jpg,76,labeled,3
numbers/(76)_crop_0.jpg,17,labeled,3
numbers/(77)_crop_0.jpg,15,labeled,3
numbers/(8)_crop_0.jpg,76,labeled,3
numbers/(80)_crop_0.jpg,89,labeled,3
numbers/(82)_crop_0.jpg,89,labeled,3
numbers/(83)_crop_0.jpg,89,labeled,3
numbers/(84)_crop_0.jpg,76,labeled,3
numbers/(85)_crop_0.jpg,15,labeled,3
numbers/(86)_crop_0.jpg,76,labeled,3
numbers/(87)_crop_0.jpg,15,labeled,3
numbers/(92)_crop_0.jpg,89,labeled,3
numbers/(93)_crop_0.jpg,89,labeled,3
numbers/(95)_crop_0.jpg,89,labeled,3
numbers/(96)_crop_0.jpg,89,labeled,3
numbers/(98)_crop_0.jpg,89,labeled,3
numbers/(99)_crop_0.jpg,89,labeled,3
numbers/07-.jpg,07,labeled,3
numbers/07-10.jpg,07,labeled,3
numbers/07-3.jpg,07,labeled,3
numbers/07-4.jpg,07,labeled,3
numbers/07-5.jpg,07,labeled,3
numbers/07-6.jpg,07,labeled,3
numbers/07-7.jpg,07,labeled,3
numbers/07-8.jpg,07,labeled,3
numbers/07-9.jpg,07,labeled,3
numbers/07.jpg,07,labeled,3
numbers/0_1.jpg,91,labeled,3
numbers/1001_0_processed.png,71,labeled,3
numbers/1002_0_processed.png,71,labeled,3
numbers/1003_0_processed.png,71,labeled,3
numbers/1003_crop_0.jpg,20,labeled,3
numbers/1004_0_processed.png,71,labeled,3
numbers/1004_crop_0.jpg,47,labeled,3
numbers/1005_0_processed.png,71,labeled,3
numbers/1005_crop_0.jpg,36,labeled,3
numbers/1006_0_processed.png,71,labeled,3
numbers/1007_0_processed.png,71,labeled,3
numbers/1008_0_processed.png,71,labeled,3
numbers/1009_0_processed.png,71,labeled,3
numbers/1010_0_processed.png,71,labeled,3
numbers/1011_crop_0.jpg,20,labeled,3
numbers/1012_0_processed.png,71,labeled,3
numbers/1013_crop_0.jpg,36,labeled,3
numbers/1014_0_processed.png,71,labeled,3
numbers/1014_crop_0.jpg,48,labeled,3
numbers/1015_0_processed.png,71,labeled,3
numbers/1016_0_processed.png,71,labeled,3
numbers/1017_0_processed.png,71,labeled,3
numbers/1018_0_processed.png,71,labeled,3
numbers/1019_0_processed.png,71,labeled,3
numbers/1019_crop_0.jpg,48,labeled,3
numbers/101_crop_0.jpg,90,labeled,3
numbers/1020_0_processed.png,71,labeled,3
numbers/1020_crop_0.jpg,20,labeled,3
numbers/1021_0_processed.png,71,labeled,3
numbers/1021_crop_0.jpg,36,labeled,3
numbers/1022_0_processed.png,71,labeled,3
numbers/1023_0_processed.png,71,labeled,3
numbers/1023_crop_0.jpg,48,labeled,3
numbers/1025_0_processed.png,38,labeled,3
numbers/1026_0_processed.png,71,labeled,3
numbers/1027_0_processed.png,38,labeled,3
numbers/1027_crop_0.jpg,47,labeled,3
numbers/1028_0_processed.png,71,labeled,3
numbers/1028_crop_0.jpg,48,labeled,3
numbers/1029_0_processed.png,38,labeled,3
numbers/1029_crop_0.jpg,20,labeled,3
numbers/102_crop_0.jpg,29,labeled,3
numbers/1030_crop_0.jpg,47,labeled,3
numbers/1031_0_processed.png,38,labeled,3
numbers/1032_0_processed.png,38,labeled,3
numbers/1032_crop_0.jpg,36,labeled,3
numbers/1034_0_processed.png,38,labeled,3
numbers/1035_0_processed.png,38,labeled,3
numbers/1038_0_processed.png,38,labeled,3
numbers/1039_crop_0.jpg,47,labeled,3
numbers/1040_0_processed.png,38,labeled,3
numbers/1041_crop_0.jpg,36,labeled,3
numbers/1043_0_processed.png,38,labeled,3
numbers/1045_0_processed.png,38,labeled,3
numbers/1047_0_processed.png,38,labeled,3
numbers/1048_0_processed.png,38,labeled,3
numbers/1049_0_processed.png,38,labeled,3
numbers/104_crop_0.jpg,87,labeled,3
numbers/1050_0_processed.png,38,labeled,3
numbers/1051_0_processed.png,38,labeled,3
numbers/1053_crop_0.jpg,48,labeled,3
numbers/1055_0_processed.png,71,labeled,3
numbers/1058_0_processed.png,71,labeled,3
numbers/1058_crop_0.jpg,20,labeled,3
numbers/1060_crop_0.jpg,47,labeled,3
numbers/1061_0_processed.png,71,labeled,3
numbers/1062_0_processed.png,71,labeled,3
numbers/1063_0_processed.png,38,labeled,3
numbers/1065_0_processed.png,71,labeled,3
numbers/1065_crop_0.jpg,48,labeled,3
numbers/1066_0_processed.png,71,labeled,3
numbers/1067_0_processed.png,38,labeled,3
numbers/1069_0_processed.png,71,labeled,3
numbers/1070_0_processed.png,71,labeled,3
numbers/1070_crop_0.jpg,20,labeled,3
numbers/1071_0_processed.png,38,labeled,3
numbers/1071_crop_0.jpg,31,labeled,3
numbers/1072_0_processed.png,71,labeled,3
numbers/1073_0_processed.png,38,labeled,3
numbers/1074_0_processed.png,38,labeled,3
numbers/1075_0_processed.png,71,labeled,3
numbers/1076_0_processed.png,71,labeled,3
numbers/1076_crop_0.jpg,48,labeled,3
numbers/1077_0_processed.png,71,labeled,3
numbers/1078_0_processed.png,71,labeled,3
numbers/1079_0_processed.png,71,labeled,3
numbers/1079_crop_0.jpg,27,labeled,3
numbers/107_crop_0.jpg,98,labeled,3
numbers/1080_0_processed.png,71,labeled,3
numbers/1081_0_processed.png,71,labeled,3
numbers/1082_0_processed.png,71,labeled,3
numbers/1083_0_processed.png,71,labeled,3
numbers/1084_0_processed.png,71,labeled,3
numbers/1085_0_processed.png,09,labeled,3
numbers/1086_0_processed.png,09,labeled,3
numbers/1087_0_processed.png,09,labeled,3
numbers/1088_0_processed.png,09,labeled,3
numbers/108_crop_0.jpg,48,labeled,3
numbers/1090_0_processed.png,09,labeled,3
numbers/1091_crop_0.jpg,27,labeled,3
numbers/1096_0_processed.png,71,labeled,3
numbers/1096_crop_0.jpg,36,labeled,3
numbers/1097_0_processed.png,38,labeled,3
numbers/1098_0_processed.png,71,labeled,3
numbers/1099_0_processed.png,38,labeled,3
numbers/1099_1_processed.png,09,labeled,3
numbers/109_crop_0.jpg,40,labeled,3
numbers/10_1.jpg,91,labeled,3
numbers/1100_0_processed.png,38,labeled,3
numbers/1101_0_processed.png,71,labeled,3
numbers/1102_0_processed.png,38,labeled,3
numbers/1102_1_processed.png,09,labeled,3
numbers/1102_crop_0.jpg,27,labeled,3
numbers/1103_0_processed.png,09,labeled,3
numbers/1103_1_processed.png,38,labeled,3
numbers/1104_0_processed.png,71,labeled,3
numbers/1104_crop_0.jpg,34,labeled,3
numbers/1105_0_processed.png,38,labeled,3
numbers/1105_crop_0.jpg,48,labeled,3
numbers/1106_0_processed.png,09,labeled,3
numbers/1106_1_processed.png,38,labeled,3
numbers/1106_crop_0.jpg,20,labeled,3
numbers/1107_0_processed.png,09,labeled,3
numbers/1108_0_processed.png,09,labeled,3
numbers/1108_crop_0.jpg,36,labeled,3
numbers/1109_0_processed.png,09,labeled,3
numbers/1110_0_processed.png,09,labeled,3
numbers/1111_0_processed.png,71,labeled,3
numbers/1112_0_processed.png,71,labeled,3
numbers/1114_0_processed.png,71,labeled,3
numbers/1114_crop_0.jpg,27,labeled,3
numbers/1115_0_processed.png,71,labeled,3
numbers/1115_crop_0.jpg,47,labeled,3
numbers/1117_0_processed.png,71,labeled,3
numbers/1117_crop_0.jpg,48,labeled,3
numbers/1118_0_processed.png,71,labeled,3
numbers/1118_crop_0.jpg,20,labeled,3
numbers/1124_crop_0.jpg,48,labeled,3
numbers/1127_crop_0.jpg,27,labeled,3
numbers/1128_crop_0.jpg,48,labeled,3
numbers/1130_0_processed.png,38,labeled,3
numbers/1130_crop_0.jpg,16,labeled,3
numbers/1132_0_processed.png,38,labeled,3
numbers/1132_1_processed.png,09,labeled,3
numbers/1134_0_processed.png,38,labeled,3
numbers/1136_0_processed.png,38,labeled,3
numbers/1136_crop_0.jpg,48,labeled,3
numbers/1138_0_processed.png,71,labeled,3
numbers/1139_0_processed.png,71,labeled,3
numbers/1139_crop_0.jpg,20,labeled,3
numbers/113_crop_0.jpg,79,labeled,3
numbers/1140_0_processed.png,71,labeled,3
numbers/1141_0_processed.png,71,labeled,3
numbers/1141_crop_0.jpg,48,labeled,3
numbers/1145_crop_0.jpg,27,labeled,3
numbers/1146_crop_0.jpg,47,labeled,3
numbers/1147_crop_0.jpg,36,labeled,3
numbers/114_crop_0.jpg,84,labeled,3
numbers/1156_crop_0.jpg,27,labeled,3
numbers/1157_crop_0.jpg,47,labeled,3
numbers/1166_crop_0.jpg,20,labeled,3
numbers/1168_crop_0.jpg,47,labeled,3
numbers/116_crop_0.jpg,24,labeled,3
numbers/1176_crop_0.jpg,48,labeled,3
numbers/1177_crop_0.jpg,20,labeled,3
numbers/1179_crop_0.jpg,47,labeled,3
numbers/117_crop_0.jpg,91,labeled,3
numbers/1187_crop_0.jpg,48,labeled,3
numbers/1188_crop_0.jpg,20,labeled,3
numbers/118_crop_0.jpg,92,labeled,3
numbers/119(2)_crop_0.jpg,65,labeled,3
numbers/119_crop_0.jpg,95,labeled,3
numbers/11_1.jpg,91,labeled,3
numbers/1203_crop_0.jpg,36,labeled,3
numbers/120_crop_0.jpg,37,labeled,3
numbers/1213_crop_0.jpg,36,labeled,3
numbers/1215_crop_0.jpg,48,labeled,3
numbers/1219_crop_0.jpg,27,labeled,3
numbers/1221_crop_0.jpg,48,labeled,3
numbers/1222_crop_0.jpg,47,labeled,3
numbers/1225_crop_0.jpg,48,labeled,3
numbers/122_crop_0.jpg,51,labeled,3
numbers/124_crop_0.jpg,64,labeled,3
numbers/125(2)_crop_0.jpg,65,labeled,3
numbers/125_crop_0.jpg,68,labeled,3
numbers/127_crop_0.jpg,82,labeled,3
numbers/129_crop_0.jpg,90,labeled,3
numbers/12_1.jpg,91,labeled,3
numbers/131_crop_0.jpg,87,labeled,3
numbers/134_crop_0.jpg,98,labeled,3
numbers/135_crop_0.jpg,78,labeled,3
numbers/136_crop_0.jpg,84,labeled,3
numbers/138_crop_0.jpg,86,labeled,3
numbers/139_crop_0.jpg,93,labeled,3
numbers/13_1.jpg,91,labeled,3
numbers/13_crop_0.jpg,90,labeled,3
numbers/141_crop_0.jpg,40,labeled,3
numbers/143_crop_0.jpg,67,labeled,3
numbers/145_crop_0.jpg,76,labeled,3
numbers/146_crop_0.jpg,79,labeled,3
numbers/147_crop_0.jpg,84,labeled,3
numbers/149_crop_0.jpg,24,labeled,3
numbers/14_1.jpg,91,labeled,3
numbers/14_crop_0.jpg,90,labeled,3
numbers/151_crop_0.jpg,92,labeled,3
numbers/152_crop_0.jpg,95,labeled,3
numbers/154_crop_0.jpg,84,labeled,3
numbers/155(2)_crop_0.jpg,65,labeled,3
numbers/155_crop_0.jpg,84,labeled,3
numbers/156_crop_0.jpg,86,labeled,3
numbers/157_crop_0.jpg,93,labeled,3
numbers/158_crop_0.jpg,74,labeled,3
numbers/15_1.jpg,91,labeled,3
numbers/15_crop_0.jpg,84,labeled,3
numbers/16.jpg,91,labeled,3
numbers/160_crop_0.jpg,40,labeled,3
numbers/162_crop_0.jpg,67,labeled,3
numbers/163_crop_0.jpg,74,labeled,3
numbers/167_crop_0.jpg,84,labeled,3
numbers/168_crop_0.jpg,29,labeled,3
numbers/169_crop_0.jpg,85,labeled,3
numbers/16_crop_0.jpg,58,labeled,3
numbers/170_crop_0.jpg,87,labeled,3
numbers/171_crop_0.jpg,93,labeled,3
numbers/17_crop_0.jpg,90,labeled,3
numbers/180(2)_crop_0.jpg,49,labeled,3
numbers/181(2)_crop_0.jpg,68,labeled,3
numbers/18_crop_0.jpg,48,labeled,3
numbers/19_crop_0.jpg,58,labeled,3
numbers/1_1.jpg,91,labeled,3
numbers/20_crop_0.jpg,67,labeled,3
numbers/22_crop_0.jpg,90,labeled,3
numbers/25_crop_0.jpg,54,labeled,3
numbers/26_crop_0.jpg,90,labeled,3
numbers/27_1.jpg,91,labeled,3
numbers/28_1.jpg,91,labeled,3
numbers/29_1.jpg,91,labeled,3
numbers/29_crop_0.jpg,48,labeled,3
numbers/2_2.jpg,41,labeled,3
numbers/30_1.jpg,91,labeled,3
numbers/30_crop_0.jpg,58,labeled,3
numbers/31_1.jpg,91,labeled,3
numbers/31_crop_0.jpg,67,labeled,3
numbers/325_crop_0.jpg,75,labeled,3
numbers/32_1.jpg,91,labeled,3
numbers/330(2)_crop_0.jpg,65,labeled,3
numbers/330_crop_0.jpg,91,labeled,3
numbers/331_crop_0.jpg,87,labeled,3
numbers/332_crop_0.jpg,24,labeled,3
numbers/333_crop_0.jpg,39,labeled,3
numbers/334(2)_crop_0.jpg,68,labeled,3
numbers/336(2)_crop_0.jpg,65,labeled,3
numbers/337(2)_crop_0.jpg,65,labeled,3
numbers/337_crop_0.jpg,74,labeled,3
numbers/338_crop_0.jpg,81,labeled,3
numbers/339_crop_0.jpg,78,labeled,3
numbers/33_crop_0.jpg,90,labeled,3
numbers/341(2)_crop_0.jpg,65,labeled,3
numbers/341_crop_0.jpg,84,labeled,3
numbers/342_crop_0.jpg,84,labeled,3
numbers/344_crop_0.jpg,86,labeled,3
numbers/345_crop_0.jpg,95,labeled,3
numbers/347_crop_0.jpg,37,labeled,3
numbers/350_crop_0.jpg,40,labeled,3
numbers/351(2)_crop_0.jpg,65,labeled,3
numbers/351_crop_0.jpg,50,labeled,3
numbers/356_crop_0.jpg,80,labeled,3
numbers/360_crop_0.jpg,29,labeled,3
numbers/362_crop_0.jpg,86,labeled,3
numbers/363_crop_0.jpg,93,labeled,3
numbers/366(2)_crop_0.jpg,65,labeled,3
numbers/366_crop_0.jpg,98,labeled,3
numbers/367_crop_0.jpg,37,labeled,3
numbers/368_crop_0.jpg,61,labeled,3
numbers/369_crop_0.jpg,64,labeled,3
numbers/36_crop_0.jpg,65,labeled,3
numbers/373_crop_0.jpg,68,labeled,3
numbers/374_crop_0.jpg,69,labeled,3
numbers/375_crop_0.jpg,74,labeled,3
numbers/376_crop_0.jpg,81,labeled,3
numbers/378_crop_0.jpg,84,labeled,3
numbers/379_crop_0.jpg,84,labeled,3
numbers/38(2)_crop_0.jpg,68,labeled,3
numbers/380_crop_0.jpg,24,labeled,3
numbers/381_crop_0.jpg,89,labeled,3
numbers/382_crop_0.jpg,87,labeled,3
numbers/39(2)_crop_0.jpg,54,labeled,3
numbers/390_crop_0.jpg,40,labeled,3
numbers/395_crop_0.jpg,67,labeled,3
numbers/397_crop_0.jpg,75,labeled,3
numbers/398_crop_0.jpg,90,labeled,3
numbers/399(2)_crop_0.jpg,65,labeled,3
numbers/3_2.jpg,41,labeled,3
numbers/3_crop_0.jpg,29,labeled,3
numbers/40(2)_crop_0.jpg,90,labeled,3
numbers/400_crop_0.jpg,29,labeled,3
numbers/401_crop_0.jpg,85,labeled,3
numbers/402_crop_0.jpg,86,labeled,3
numbers/403_crop_0.jpg,93,labeled,3
numbers/406(2)_crop_0.jpg,65,labeled,3
numbers/406_crop_0.jpg,98,labeled,3
numbers/408_crop_0.jpg,61,labeled,3
numbers/41-2.jpg,41,labeled,3
numbers/41-3.jpg,41,labeled,3
numbers/41-4.jpg,41,labeled,3
numbers/41-5.jpg,41,labeled,3
numbers/41-6.jpg,41,labeled,3
numbers/41.jpg,41,labeled,3
numbers/410(2)_crop_0.jpg,65,labeled,3
numbers/410_crop_0.jpg,48,labeled,3
numbers/413_crop_0.jpg,78,labeled,3
numbers/415_crop_0.jpg,90,labeled,3
numbers/416_crop_0.jpg,84,labeled,3
numbers/417(2)_crop_0.jpg,68,labeled,3
numbers/417_crop_0.jpg,91,labeled,3
numbers/418_crop_0.jpg,95,labeled,3
numbers/419(2)_crop_0.jpg,65,labeled,3
numbers/41_crop_0.jpg,84,labeled,3
numbers/42(2)_crop_0.jpg,93,labeled,3
numbers/420(2)_crop_0.jpg,68,labeled,3
numbers/421_crop_0.jpg,82,labeled,3
numbers/425_crop_0.jpg,69,labeled,3
numbers/426_crop_0.jpg,81,labeled,3
numbers/427_crop_0.jpg,79,labeled,3
numbers/428_crop_0.jpg,84,labeled,3
numbers/429_crop_0.jpg,84,labeled,3
numbers/432_crop_0.jpg,87,labeled,3
numbers/434(2)_crop_0.jpg,65,labeled,3
numbers/435_crop_0.jpg,39,labeled,3
numbers/436_crop_0.jpg,51,labeled,3
numbers/438_crop_0.jpg,48,labeled,3
numbers/440(2)_crop_0.jpg,78,labeled,3
numbers/440_crop_0.jpg,47,labeled,3
numbers/442_crop_0.jpg,90,labeled,3
numbers/443_crop_0.jpg,84,labeled,3
numbers/444_crop_0.jpg,91,labeled,3
numbers/446(2)_crop_0.jpg,37,labeled,3
numbers/446_crop_0.jpg,27,labeled,3
numbers/447_crop_0.jpg,48,labeled,3
numbers/448(2)_crop_0.jpg,82,labeled,3
numbers/450_crop_0.jpg,39,labeled,3
numbers/451(2)_crop_0.jpg,51,labeled,3
numbers/452_crop_0.jpg,52,labeled,3
numbers/453_crop_0.jpg,48,labeled,3
numbers/455_crop_0.jpg,67,labeled,3
numbers/456(2)_crop_0.jpg,71,labeled,3
numbers/457_crop_0.jpg,47,labeled,3
numbers/458_crop_0.jpg,78,labeled,3
numbers/459(2)_crop_0.jpg,90,labeled,3
numbers/461_crop_0.jpg,48,labeled,3
numbers/462(2)_crop_0.jpg,89,labeled,3
numbers/464(2)_crop_0.jpg,93,labeled,3
numbers/465_crop_0.jpg,47,labeled,3
numbers/467(2)_crop_0.jpg,98,labeled,3
numbers/467_crop_0.jpg,48,labeled,3
numbers/474_crop_0.jpg,48,labeled,3
numbers/477_crop_0.jpg,27,labeled,3
numbers/479_crop_0.jpg,47,labeled,3
numbers/48(2)_crop_0.jpg,39,labeled,3
numbers/485_crop_0.jpg,47,labeled,3
numbers/493_crop_0.jpg,27,labeled,3
numbers/494_crop_0.jpg,47,labeled,3
numbers/497_crop_0.jpg,27,labeled,3
numbers/49_crop_0.jpg,64,labeled,3
numbers/4_1.jpg,91,labeled,3
numbers/50(2)_crop_0.jpg,68,labeled,3
numbers/505_crop_0.jpg,48,labeled,3
numbers/51(2)_crop_0.jpg,84,labeled,3
numbers/513_crop_0.jpg,27,labeled,3
numbers/514_crop_0.jpg,47,labeled,3
numbers/516_crop_0.jpg,48,labeled,3
numbers/519_crop_0.jpg,27,labeled,3
numbers/52(2)_crop_0.jpg,90,labeled,3
numbers/526_crop_0.jpg,47,labeled,3
numbers/53(2)_crop_0.jpg,29,labeled,3
numbers/530_crop_0.jpg,48,labeled,3
numbers/534_crop_0.jpg,27,labeled,3
numbers/535_crop_0.jpg,47,labeled,3
numbers/537_crop_0.jpg,27,labeled,3
numbers/54(2)_crop_0.jpg,93,labeled,3
numbers/540_crop_0.jpg,48,labeled,3
numbers/545_crop_0.jpg,27,labeled,3
numbers/548_crop_0.jpg,48,labeled,3
numbers/553_crop_0.jpg,27,labeled,3
numbers/554_crop_0.jpg,46,labeled,3
numbers/557_crop_0.jpg,48,labeled,3
numbers/56(2)_crop_0.jpg,98,labeled,3
numbers/560_crop_0.jpg,27,labeled,3
numbers/561_crop_0.jpg,46,labeled,3
numbers/564_crop_0.jpg,48,labeled,3
numbers/567_crop_0.jpg,27,labeled,3
numbers/57(2)_crop_0.jpg,48,labeled,3
numbers/571_crop_0.jpg,48,labeled,3
numbers/578_crop_0.jpg,48,labeled,3
numbers/579_crop_0.jpg,47,labeled,3
numbers/584_crop_0.jpg,47,labeled,3
numbers/589_crop_0.jpg,48,labeled,3
numbers/59(2)_crop_0.jpg,80,labeled,3
numbers/595_crop_0.jpg,48,labeled,3
numbers/596_crop_0.jpg,47,labeled,3
numbers/597_crop_0.jpg,27,labeled,3
numbers/5_2.jpg,41,labeled,3
numbers/60(2)_crop_0.jpg,90,labeled,3
numbers/600_crop_0.jpg,47,labeled,3
numbers/601_crop_0.jpg,27,labeled,3
numbers/618_crop_0.jpg,47,labeled,3
numbers/619_crop_0.jpg,27,labeled,3
numbers/62(2)_crop_0.jpg,92,labeled,3
numbers/624_crop_0.jpg,47,labeled,3
numbers/625_crop_0.jpg,27,labeled,3
numbers/630_crop_0.jpg,27,labeled,3
numbers/631_crop_0.jpg,47,labeled,3
numbers/635_crop_0.jpg,27,labeled,3
numbers/636_0_processed.png,71,labeled,3
numbers/636_crop_0.jpg,47,labeled,3
numbers/638_crop_0.jpg,36,labeled,3
numbers/639_0_processed.png,71,labeled,3
numbers/643_0_processed.png,71,labeled,3
numbers/643_crop_0.jpg,47,labeled,3
numbers/648_crop_0.jpg,27,labeled,3
numbers/65(2)_crop_0.jpg,39,labeled,3
numbers/652_crop_0.jpg,48,labeled,3
numbers/657_crop_0.jpg,27,labeled,3
numbers/662_crop_0.jpg,47,labeled,3
numbers/663_crop_0.jpg,27,labeled,3
numbers/668_crop_0.jpg,27,labeled,3
numbers/669_0_processed.png,38,labeled,3
numbers/669_crop_0.jpg,47,labeled,3
numbers/672_0_processed.png,38,labeled,3
numbers/676_crop_0.jpg,31,labeled,3
numbers/677_0_processed.png,71,labeled,3
numbers/677_crop_0.jpg,47,labeled,3
numbers/678_0_processed.png,71,labeled,3
numbers/678_crop_0.jpg,27,labeled,3
numbers/68(2)_crop_0.jpg,68,labeled,3
numbers/685_0_processed.png,38,labeled,3
numbers/685_crop_0.jpg,27,labeled,3
numbers/687_0_processed.png,38,labeled,3
numbers/692_0_processed.png,38,labeled,3
numbers/692_crop_0.jpg,47,labeled,3
numbers/6_3.jpg,07,labeled,3
numbers/6_crop_0.jpg,90,labeled,3
numbers/70(2)_crop_0.jpg,84,labeled,3
numbers/700_crop_0.jpg,20,labeled,3
numbers/703_crop_0.jpg,36,labeled,3
numbers/705_crop_0.jpg,48,labeled,3
numbers/71(2)_crop_0.jpg,90,labeled,3
numbers/711_crop_0.jpg,20,labeled,3
numbers/72(2)_crop_0.jpg,29,labeled,3
numbers/731_crop_0.jpg,20,labeled,3
numbers/740_crop_0.jpg,20,labeled,3
numbers/746_0_processed.png,71,labeled,3
numbers/749_0_processed.png,71,labeled,3
numbers/75(2)_crop_0.jpg,93,labeled,3
numbers/750_crop_0.jpg,36,labeled,3
numbers/753_crop_0.jpg,48,labeled,3
numbers/758_crop_0.jpg,27,labeled,3
numbers/760_crop_0.jpg,36,labeled,3
numbers/763_crop_0.jpg,48,labeled,3
numbers/765_0_processed.png,38,labeled,3
numbers/768_0_processed.png,38,labeled,3
numbers/77(2)_crop_0.jpg,98,labeled,3
numbers/771_0_processed.png,38,labeled,3
numbers/771_crop_0.jpg,48,labeled,3
numbers/778_crop_0.jpg,48,labeled,3
numbers/78(2)_crop_0.jpg,48,labeled,3
numbers/781_crop_0.jpg,36,labeled,3
numbers/782_crop_0.jpg,48,labeled,3
numbers/789_crop_0.jpg,48,labeled,3
numbers/79(2)_crop_0.jpg,84,labeled,3
numbers/797_crop_0.jpg,31,labeled,3
numbers/7_3.jpg,07,labeled,3
numbers/803_crop_0.jpg,36,labeled,3
numbers/808_crop_0.jpg,31,labeled,3
numbers/815_0_processed.png,71,labeled,3
numbers/815_crop_0.jpg,47,labeled,3
numbers/816_0_processed.png,71,labeled,3
numbers/817_0_processed.png,71,labeled,3
numbers/817_crop_0.jpg,47,labeled,3
numbers/818_0_processed.png,71,labeled,3
numbers/819_0_processed.png,71,labeled,3
numbers/821_0_processed.png,38,labeled,3
numbers/822_0_processed.png,38,labeled,3
numbers/823_0_processed.png,38,labeled,3
numbers/823_crop_0.jpg,47,labeled,3
numbers/824_0_processed.png,38,labeled,3
numbers/825_0_processed.png,38,labeled,3
numbers/83(2)_crop_0.jpg,80,labeled,3
numbers/835_crop_0.jpg,48,labeled,3
numbers/836_crop_0.jpg,27,labeled,3
numbers/838_0_processed.png,09,labeled,3
numbers/839_0_processed.png,09,labeled,3
numbers/84(2)_crop_0.jpg,90,labeled,3
numbers/840_0_processed.png,09,labeled,3
numbers/841_0_processed.png,09,labeled,3
numbers/842_0_processed.png,09,labeled,3
numbers/842_crop_0.jpg,48,labeled,3
numbers/843_0_processed.png,09,labeled,3
numbers/843_crop_0.jpg,27,labeled,3
numbers/844_0_processed.png,09,labeled,3
numbers/844_crop_0.jpg,47,labeled,3
numbers/845_0_processed.png,09,labeled,3
numbers/845_crop_0.jpg,48,labeled,3
numbers/846_0_processed.png,09,labeled,3
numbers/848_0_processed.png,09,labeled,3
numbers/849_0_processed.png,38,labeled,3
numbers/851_0_processed.png,38,labeled,3
numbers/851_crop_0.jpg,47,labeled,3
numbers/852_0_processed.png,38,labeled,3
numbers/852_crop_0.jpg,48,labeled,3
numbers/854_0_processed.png,38,labeled,3
numbers/855_0_processed.png,38,labeled,3
numbers/856_0_processed.png,38,labeled,3
numbers/857_0_processed.png,38,labeled,3
numbers/857_crop_0.jpg,27,labeled,3
numbers/858_0_processed.png,38,labeled,3
numbers/859_0_processed.png,38,labeled,3
numbers/86(2)_crop_0.jpg,92,labeled,3
numbers/860_0_processed.png,38,labeled,3
numbers/861_0_processed.png,38,labeled,3
numbers/862_0_processed.png,38,labeled,3
numbers/863_0_processed.png,38,labeled,3
numbers/864_crop_0.jpg,27,labeled,3
numbers/865_0_processed.png,38,labeled,3
numbers/866_0_processed.png,09,labeled,3
numbers/867_0_processed.png,38,labeled,3
numbers/868_0_processed.png,09,labeled,3
numbers/870_0_processed.png,09,labeled,3
numbers/871_0_processed.png,38,labeled,3
numbers/871_crop_0.jpg,27,labeled,3
numbers/872_0_processed.png,09,labeled,3
numbers/873_0_processed.png,38,labeled,3
numbers/874_0_processed.png,09,labeled,3
numbers/875_0_processed.png,38,labeled,3
numbers/876_0_processed.png,38,labeled,3
numbers/877_0_processed.png,38,labeled,3
numbers/877_crop_0.jpg,47,labeled,3
numbers/878_0_processed.png,38,labeled,3
numbers/878_crop_0.jpg,27,labeled,3
numbers/879_0_processed.png,38,labeled,3
numbers/87_crop_0.jpg,95,labeled,3
numbers/880_0_processed.png,38,labeled,3
numbers/881_0_processed.png,38,labeled,3
numbers/883_0_processed.png,38,labeled,3
numbers/884_0_processed.png,38,labeled,3
numbers/884_crop_0.jpg,47,labeled,3
numbers/885_0_processed.png,38,labeled,3
numbers/885_crop_0.jpg,27,labeled,3
numbers/886_0_processed.png,38,labeled,3
numbers/89(2)_crop_0.jpg,84,labeled,3
numbers/891_crop_0.jpg,47,labeled,3
numbers/894_0_processed.png,09,labeled,3
numbers/895_0_processed.png,09,labeled,3
numbers/896_0_processed.png,09,labeled,3
numbers/897_0_processed.png,09,labeled,3
numbers/898_0_processed.png,09,labeled,3
numbers/899_0_processed.png,09,labeled,3
numbers/8_3.jpg,07,labeled,3
numbers/90(2)_crop_0.jpg,24,labeled,3
numbers/900_0_processed.png,09,labeled,3
numbers/901_0_processed.png,09,labeled,3
numbers/901_crop_0.jpg,48,labeled,3
numbers/902_0_processed.png,09,labeled,3
numbers/903_0_processed.png,09,labeled,3
numbers/904_0_processed.png,38,labeled,3
numbers/905_0_processed.png,38,labeled,3
numbers/906_0_processed.png,38,labeled,3
numbers/906_crop_0.jpg,47,labeled,3
numbers/907_0_processed.png,38,labeled,3
numbers/908_0_processed.png,38,labeled,3
numbers/908_crop_0.jpg,48,labeled,3
numbers/909_0_processed.png,09,labeled,3
numbers/91-1.jpg,91,labeled,3
numbers/91-2.jpg,91,labeled,3
numbers/91-3.jpg,91,labeled,3
numbers/91-4.jpg,91,labeled,3
numbers/91-5.jpg,91,labeled,3
numbers/91-6.jpg,91,labeled,3
numbers/91-7.jpg,91,labeled,3
numbers/91-8.jpg,91,labeled,3
numbers/91-9.jpg,91,labeled,3
numbers/91.jpg,91,labeled,3
numbers/910_0_processed.png,38,labeled,3
numbers/911_0_processed.png,09,labeled,3
numbers/912_0_processed.png,09,labeled,3
numbers/913_0_processed.png,09,labeled,3
numbers/915_0_processed.png,09,labeled,3
numbers/916_0_processed.png,09,labeled,3
numbers/917_0_processed.png,09,labeled,3
numbers/918_0_processed.png,09,labeled,3
numbers/918_crop_0.jpg,27,labeled,3
numbers/919_0_processed.png,09,labeled,3
numbers/919_crop_0.jpg,47,labeled,3
numbers/920_0_processed.png,09,labeled,3
numbers/921_0_processed.png,09,labeled,3
numbers/922_0_processed.png,09,labeled,3
numbers/923_0_processed.png,09,labeled,3
numbers/924_0_processed.png,09,labeled,3
numbers/925_0_processed.png,09,labeled,3
numbers/926_0_processed.png,09,labeled,3
numbers/927_0_processed.png,09,labeled,3
numbers/927_crop_0.jpg,48,labeled,3
numbers/928_0_processed.png,09,labeled,3
numbers/929_0_processed.png,09,labeled,3
numbers/92_crop_0.jpg,37,labeled,3
numbers/930_0_processed.png,09,labeled,3
numbers/930_crop_0.jpg,27,labeled,3
numbers/931_0_processed.png,09,labeled,3
numbers/931_crop_0.jpg,47,labeled,3
numbers/933_crop_0.jpg,48,labeled,3
numbers/936_crop_0.jpg,27,labeled,3
numbers/943_crop_0.jpg,48,labeled,3
numbers/945_crop_0.jpg,27,labeled,3
numbers/948_0_processed.png,38,labeled,3
numbers/949_0_processed.png,38,labeled,3
numbers/949_crop_0.jpg,48,labeled,3
numbers/94_crop_0.jpg,51,labeled,3
numbers/950_0_processed.png,38,labeled,3
numbers/951_0_processed.png,38,labeled,3
numbers/951_crop_0.jpg,48,labeled,3
numbers/952_0_processed.png,38,labeled,3
numbers/953_0_processed.png,38,labeled,3
numbers/953_crop_0.jpg,27,labeled,3
numbers/954_0_processed.png,38,labeled,3
numbers/955_0_processed.png,38,labeled,3
numbers/956_0_processed.png,38,labeled,3
numbers/957_0_processed.png,71,labeled,3
numbers/958_0_processed.png,71,labeled,3
numbers/959_0_processed.png,71,labeled,3
numbers/959_crop_0.jpg,27,labeled,3
numbers/960_0_processed.png,71,labeled,3
numbers/960_crop_0.jpg,46,labeled,3
numbers/961_0_processed.png,38,labeled,3
numbers/962_0_processed.png,71,labeled,3
numbers/963_0_processed.png,71,labeled,3
numbers/964_0_processed.png,38,labeled,3
numbers/965_0_processed.png,71,labeled,3
numbers/966_0_processed.png,71,labeled,3
numbers/966_crop_0.jpg,20,labeled,3
numbers/967_0_processed.png,38,labeled,3
numbers/968_0_processed.png,71,labeled,3
numbers/969_0_processed.png,71,labeled,3
numbers/970_0_processed.png,38,labeled,3
numbers/971_0_processed.png,71,labeled,3
numbers/972_0_processed.png,71,labeled,3
numbers/973_0_processed.png,38,labeled,3
numbers/973_crop_0.jpg,48,labeled,3
numbers/974_0_processed.png,71,labeled,3
numbers/975_0_processed.png,71,labeled,3
numbers/976_0_processed.png,38,labeled,3
numbers/977_0_processed.png,71,labeled,3
numbers/977_crop_0.jpg,48,labeled,3
numbers/978_0_processed.png,71,labeled,3
numbers/978_crop_0.jpg,20,labeled,3
numbers/979_0_processed.png,71,labeled,3
numbers/979_crop_0.jpg,48,labeled,3
numbers/97_crop_0.jpg,,unlabeled,3
numbers/980_0_processed.png,,unlabeled,3
numbers/981_0_processed.png,,unlabeled,3
numbers/982_0_processed.png,,unlabeled,3
numbers/983_crop_0.jpg,,unlabeled,3
numbers/984_crop_0.jpg,,unlabeled,3
numbers/985_0_processed.png,,unlabeled,3
numbers/986_0_processed.png,,unlabeled,3
numbers/987_crop_0.jpg,,unlabeled,3
numbers/988_0_processed.png,,unlabeled,3
numbers/988_crop_0.jpg,,unlabeled,3
numbers/989_0_processed.png,,unlabeled,3
numbers/98_crop_0.jpg,,unlabeled,3
numbers/990_0_processed.png,,unlabeled,3
numbers/990_crop_0.jpg,,unlabeled,3
numbers/991_0_processed.png,,unlabeled,3
numbers/992_0_processed.png,,unlabeled,3
numbers/993_0_processed.png,,unlabeled,3
numbers/993_crop_0.jpg,,unlabeled,3
numbers/994_crop_0.jpg,,unlabeled,3
numbers/995_0_processed.png,,unlabeled,3
numbers/996_0_processed.png,,unlabeled,3
numbers/996_crop_0.jpg,,unlabeled,3
numbers/997_0_processed.png,,unlabeled,3
numbers/997_crop_0.jpg,,unlabeled,3
numbers/998_0_processed.png,,unlabeled,3
numbers/999_0_processed.png,,unlabeled,3
numbers/99_crop_0.jpg,,unlabeled,3
numbers/9_3.jpg,,unlabeled,3
